timestamp,symbol,close
2023-01-01,AAA,203.94285533969722
2023-01-02,AAA,211.06117178918444
2023-01-03,AAA,211.36485721284723
2023-01-04,AAA,209.27228322980966
2023-01-05,AAA,208.9800691685368
2023-01-06,AAA,208.0510236796718
2023-01-07,AAA,207.9940980831937
2023-01-08,AAA,203.79759309939632
2023-01-09,AAA,201.21303865979652
2023-01-10,AAA,201.1271945544334
2023-01-11,AAA,202.23094974690432
2023-01-12,AAA,203.82316833355137
2023-01-13,AAA,200.42075610202107
2023-01-14,AAA,199.24581586793687
2023-01-15,AAA,196.66542433857322
2023-01-16,AAA,198.38132325366138
2023-01-17,AAA,200.36369764721448
2023-01-18,AAA,202.6644586956564
2023-01-19,AAA,202.51837957135166
2023-01-20,AAA,203.98454390010806
2023-01-21,AAA,204.90824170745515
2023-01-22,AAA,206.25094590159037
2023-01-23,AAA,207.1287345921529
2023-01-24,AAA,206.54196802328636
2023-01-25,AAA,204.63193553195447
2023-01-26,AAA,203.3736570747703
2023-01-27,AAA,199.34797794977408
2023-01-28,AAA,199.09294962471975
2023-01-29,AAA,199.0164203470114
2023-01-30,AAA,201.74004891235757
2023-01-31,AAA,201.4282261403098
2023-02-01,AAA,203.74514558638631
2023-02-02,AAA,206.19506865549445
2023-02-03,AAA,203.21580235791495
2023-02-04,AAA,203.27342485904256
2023-02-05,AAA,204.12549956982664
2023-02-06,AAA,203.76225979426954
2023-02-07,AAA,202.84144006144757
2023-02-08,AAA,206.19423195026263
2023-02-09,AAA,205.08956596373838
2023-02-10,AAA,202.34630560603077
2023-02-11,AAA,200.23324458585574
2023-02-12,AAA,201.4391947148589
2023-02-13,AAA,201.118442783299
2023-02-14,AAA,201.72287493888584
2023-02-15,AAA,199.68647114667377
2023-02-16,AAA,200.76925261236758
2023-02-17,AAA,203.79485298711148
2023-02-18,AAA,202.86906309762819
2023-02-19,AAA,202.90133172529045
2023-02-20,AAA,199.23971534201442
2023-02-21,AAA,199.52397722631673
2023-02-22,AAA,197.459417746323
2023-02-23,AAA,197.42204757114905
2023-02-24,AAA,200.47772325026992
2023-02-25,AAA,199.20599537186465
2023-02-26,AAA,197.25070989473286
2023-02-27,AAA,198.5680803947073
2023-02-28,AAA,197.3364559381858
2023-03-01,AAA,198.33221388535875
2023-03-02,AAA,198.42483285103503
2023-03-03,AAA,198.53136752660654
2023-03-04,AAA,198.93187446972237
2023-03-05,AAA,198.5961229033219
2023-03-06,AAA,198.15028630503275
2023-03-07,AAA,197.2620724536572
2023-03-08,AAA,196.0253022022661
2023-03-09,AAA,197.75205360898906
2023-03-10,AAA,202.42854803274497
2023-03-11,AAA,203.5243993780908
2023-03-12,AAA,205.44501707909012
2023-03-13,AAA,201.95476240603506
2023-03-14,AAA,200.69354927509963
2023-03-15,AAA,199.52219495671318
2023-03-16,AAA,201.07750902559042
2023-03-17,AAA,204.19118814508852
2023-03-18,AAA,206.3419763316016
2023-03-19,AAA,209.19609531895742
2023-03-20,AAA,206.96651360552497
2023-03-21,AAA,208.00050127171826
2023-03-22,AAA,206.8709687057787
2023-03-23,AAA,211.3835357450553
2023-03-24,AAA,208.22385694712847
2023-03-25,AAA,209.01828373408023
2023-03-26,AAA,202.67933140481634
2023-03-27,AAA,205.5982851146567
2023-03-28,AAA,205.66449258511528
2023-03-29,AAA,208.32695670429433
2023-03-30,AAA,209.80136122765484
2023-03-31,AAA,212.58897186577164
2023-04-01,AAA,214.43237023867766
2023-04-02,AAA,214.89900109192104
2023-04-03,AAA,211.7863593912686
2023-04-04,AAA,213.29363908897062
2023-04-05,AAA,216.05082273685392
2023-04-06,AAA,217.0261808741
2023-04-07,AAA,218.36780778296367
2023-04-08,AAA,221.2068367647923
2023-04-09,AAA,222.4493560983561
2023-04-10,AAA,224.4990427222366
2023-04-11,AAA,222.6209201030554
2023-04-12,AAA,223.1151384419038
2023-04-13,AAA,222.58647117530583
2023-04-14,AAA,220.51059765841433
2023-04-15,AAA,222.30719903651897
2023-04-16,AAA,227.11697017539666
2023-04-17,AAA,222.64649278105443
2023-04-18,AAA,223.41805848556203
2023-04-19,AAA,223.7869732906055
2023-04-20,AAA,225.0601232959201
2023-04-21,AAA,225.50309129610696
2023-04-22,AAA,224.66836546807588
2023-04-23,AAA,226.22230850196445
2023-04-24,AAA,227.40171008842117
2023-04-25,AAA,226.30925480816651
2023-04-26,AAA,229.60574631912988
2023-04-27,AAA,229.95388904477704
2023-04-28,AAA,233.10693557110318
2023-04-29,AAA,228.07490550905104
2023-04-30,AAA,229.25991820795755
2023-05-01,AAA,225.9066421268215
2023-05-02,AAA,223.51688122504459
2023-05-03,AAA,224.8899551563831
2023-05-04,AAA,224.3323931277155
2023-05-05,AAA,223.84417724828506
2023-05-06,AAA,220.95362842968095
2023-05-07,AAA,220.9646078067525
2023-05-08,AAA,221.33044981416126
2023-05-09,AAA,222.32464359044195
2023-05-10,AAA,220.9118573923444
2023-05-11,AAA,217.80001020161708
2023-05-12,AAA,215.2391841059496
2023-05-13,AAA,213.81125082262227
2023-05-14,AAA,210.25683134909985
2023-05-15,AAA,209.4077967669728
2023-05-16,AAA,209.8857144119954
2023-05-17,AAA,209.89833052984392
2023-05-18,AAA,208.0305451948182
2023-05-19,AAA,210.22109590360046
2023-05-20,AAA,212.2629184777631
2023-05-21,AAA,210.06351722869678
2023-05-22,AAA,208.9601539572959
2023-05-23,AAA,209.18326993440272
2023-05-24,AAA,206.50476701934383
2023-05-25,AAA,206.1268432773319
2023-05-26,AAA,206.33064858711327
2023-05-27,AAA,207.20996496690657
2023-05-28,AAA,205.67611166192677
2023-05-29,AAA,206.96960529528351
2023-05-30,AAA,205.7435973702384
2023-05-31,AAA,207.46095715256584
2023-06-01,AAA,209.95265295846707
2023-06-02,AAA,210.91918643656584
2023-06-03,AAA,210.7823654102178
2023-06-04,AAA,211.34968504876994
2023-06-05,AAA,211.26015141558793
2023-06-06,AAA,210.35022939836756
2023-06-07,AAA,214.29271149724477
2023-06-08,AAA,212.88541121799258
2023-06-09,AAA,211.2100362605045
2023-06-10,AAA,207.96635594289947
2023-06-11,AAA,209.22194322375677
2023-06-12,AAA,212.19537073903868
2023-06-13,AAA,213.24341499907192
2023-06-14,AAA,215.10907443180844
2023-06-15,AAA,216.63151429553207
2023-06-16,AAA,217.91505734586238
2023-06-17,AAA,215.17276153000807
2023-06-18,AAA,216.89152612740236
2023-06-19,AAA,221.03772134098568
2023-06-20,AAA,222.82401874071036
2023-06-21,AAA,221.14605443791464
2023-06-22,AAA,219.3807682261232
2023-06-23,AAA,220.54412216251094
2023-06-24,AAA,216.31045044190788
2023-06-25,AAA,215.76448895797944
2023-06-26,AAA,220.55580807465816
2023-06-27,AAA,220.00434550373313
2023-06-28,AAA,221.51990845688945
2023-06-29,AAA,225.38087803393935
2023-06-30,AAA,225.3023956863817
2023-07-01,AAA,224.47455205396855
2023-07-02,AAA,223.20447343231137
2023-07-03,AAA,223.30199964863527
2023-07-04,AAA,226.92639655922383
2023-07-05,AAA,230.34277936223484
2023-07-06,AAA,231.5980983137063
2023-07-07,AAA,230.00847986982586
2023-07-08,AAA,228.5614865438318
2023-07-09,AAA,229.32469445075114
2023-07-10,AAA,230.38135617148146
2023-07-11,AAA,233.66795669938023
2023-07-12,AAA,231.20976881452575
2023-07-13,AAA,232.58823930028757
2023-07-14,AAA,234.54806796661742
2023-07-15,AAA,237.63726690622107
2023-07-16,AAA,242.9348511664363
2023-07-17,AAA,244.79962935070174
2023-07-18,AAA,244.0191262457045
2023-07-19,AAA,246.41559514246225
2023-07-20,AAA,247.18970396526092
2023-07-21,AAA,245.31283458149466
2023-07-22,AAA,244.14739164521401
2023-07-23,AAA,242.04641436475347
2023-07-24,AAA,241.41318238577662
2023-07-25,AAA,241.36788103708273
2023-07-26,AAA,245.32126581126
2023-07-27,AAA,247.18221802202623
2023-07-28,AAA,244.54960095110903
2023-07-29,AAA,248.42930136233375
2023-07-30,AAA,247.23990027242996
2023-07-31,AAA,248.8035335648138
2023-08-01,AAA,251.8834868981919
2023-08-02,AAA,250.28774911566933
2023-08-03,AAA,251.93167138936275
2023-08-04,AAA,252.09978247512925
2023-08-05,AAA,251.71555816013398
2023-08-06,AAA,252.2778964617221
2023-08-07,AAA,253.36932668150473
2023-08-08,AAA,250.98044531178596
2023-08-09,AAA,251.17812154046177
2023-08-10,AAA,250.75286051960376
2023-08-11,AAA,250.05995718336064
2023-08-12,AAA,252.7259147023953
2023-08-13,AAA,255.4928791336125
2023-08-14,AAA,258.52219689329667
2023-08-15,AAA,257.79589155428994
2023-08-16,AAA,255.45046244673316
2023-08-17,AAA,253.2608501144229
2023-08-18,AAA,252.22702186657088
2023-08-19,AAA,251.3963175690942
2023-08-20,AAA,251.47856887172256
2023-08-21,AAA,253.96428281503418
2023-08-22,AAA,253.4419665342417
2023-08-23,AAA,257.3421990140911
2023-08-24,AAA,255.88531392826118
2023-08-25,AAA,257.8605384867694
2023-08-26,AAA,257.2129071401277
2023-08-27,AAA,258.52798733680265
2023-08-28,AAA,259.0609388908331
2023-08-29,AAA,259.40231234662707
2023-08-30,AAA,257.1146675594786
2023-08-31,AAA,259.11077546851305
2023-09-01,AAA,259.5236321865807
2023-09-02,AAA,259.73119032074334
2023-09-03,AAA,256.1228995749839
2023-09-04,AAA,259.5343686883084
2023-09-05,AAA,258.0209976938998
2023-09-06,AAA,262.6098570898661
2023-09-07,AAA,261.0672812225719
2023-01-01,BBB,101.94439037719397
2023-01-02,BBB,105.60979922674902
2023-01-03,BBB,105.49442286583006
2023-01-04,BBB,104.77081686931328
2023-01-05,BBB,104.64386373812225
2023-01-06,BBB,104.1021765944905
2023-01-07,BBB,103.58743431392877
2023-01-08,BBB,101.73150220123776
2023-01-09,BBB,100.46823909437975
2023-01-10,BBB,100.3185088012549
2023-01-11,BBB,101.19029920734944
2023-01-12,BBB,102.03462083417877
2023-01-13,BBB,100.33694594093699
2023-01-14,BBB,99.99658933900629
2023-01-15,BBB,98.93386455806348
2023-01-16,BBB,99.41105803778984
2023-01-17,BBB,100.34880675269814
2023-01-18,BBB,101.29452138089145
2023-01-19,BBB,100.9254922132515
2023-01-20,BBB,101.85638320987513
2023-01-21,BBB,102.14661421097466
2023-01-22,BBB,103.58203607100045
2023-01-23,BBB,103.60737448860729
2023-01-24,BBB,103.20151658744142
2023-01-25,BBB,102.2100019323901
2023-01-26,BBB,101.5854855375355
2023-01-27,BBB,99.73489518408475
2023-01-28,BBB,99.79902596866201
2023-01-29,BBB,99.4201682657553
2023-01-30,BBB,101.07033558024114
2023-01-31,BBB,100.89783129723553
2023-02-01,BBB,102.0722636610287
2023-02-02,BBB,103.18414121807812
2023-02-03,BBB,102.13560057795236
2023-02-04,BBB,101.8367221194525
2023-02-05,BBB,101.81859975261092
2023-02-06,BBB,102.10882506632257
2023-02-07,BBB,101.58837362235403
2023-02-08,BBB,102.86970301514854
2023-02-09,BBB,102.39637451012229
2023-02-10,BBB,101.17611229450476
2023-02-11,BBB,100.03186800518667
2023-02-12,BBB,100.2187001057911
2023-02-13,BBB,100.81495096738018
2023-02-14,BBB,100.58416999137508
2023-02-15,BBB,99.43543614682015
2023-02-16,BBB,100.50791193019893
2023-02-17,BBB,101.74430695982228
2023-02-18,BBB,101.28020084162588
2023-02-19,BBB,101.39797075079528
2023-02-20,BBB,99.8165730902551
2023-02-21,BBB,99.70590660529243
2023-02-22,BBB,98.49400754673401
2023-02-23,BBB,99.02331236075736
2023-02-24,BBB,99.93124469255125
2023-02-25,BBB,99.45130748626931
2023-02-26,BBB,98.78995696189149
2023-02-27,BBB,99.16010316885294
2023-02-28,BBB,98.79032145920944
2023-03-01,BBB,99.27385820578355
2023-03-02,BBB,99.29361566141245
2023-03-03,BBB,99.38961520288098
2023-03-04,BBB,99.53177460566471
2023-03-05,BBB,98.9734298964389
2023-03-06,BBB,99.07754248914159
2023-03-07,BBB,98.72814939877676
2023-03-08,BBB,97.8975162034683
2023-03-09,BBB,99.10748459408448
2023-03-10,BBB,101.38601682641745
2023-03-11,BBB,101.58588982101335
2023-03-12,BBB,102.36660309270307
2023-03-13,BBB,100.89706713761908
2023-03-14,BBB,99.89196479615462
2023-03-15,BBB,100.01137912000621
2023-03-16,BBB,100.42656494902795
2023-03-17,BBB,102.00683885416267
2023-03-18,BBB,103.19219281229927
2023-03-19,BBB,104.33150825691736
2023-03-20,BBB,103.89991474176091
2023-03-21,BBB,104.06383166051124
2023-03-22,BBB,103.54008760624133
2023-03-23,BBB,105.88628277959292
2023-03-24,BBB,104.23017314221536
2023-03-25,BBB,104.53641077373815
2023-03-26,BBB,101.42211015507722
2023-03-27,BBB,102.62904685509469
2023-03-28,BBB,102.65492099461989
2023-03-29,BBB,103.98979598550787
2023-03-30,BBB,104.8033448624532
2023-03-31,BBB,106.32577611655309
2023-04-01,BBB,106.4624160988349
2023-04-02,BBB,107.4489828554073
2023-04-03,BBB,106.13717060290135
2023-04-04,BBB,106.57743906997263
2023-04-05,BBB,108.44116583884909
2023-04-06,BBB,108.63208988246411
2023-04-07,BBB,109.65260980225712
2023-04-08,BBB,110.6101513960795
2023-04-09,BBB,110.59923242481085
2023-04-10,BBB,112.23611748830996
2023-04-11,BBB,111.23821234787715
2023-04-12,BBB,111.67636574916652
2023-04-13,BBB,111.01583674452054
2023-04-14,BBB,110.37963171762611
2023-04-15,BBB,111.23136829180761
2023-04-16,BBB,113.09199169541344
2023-04-17,BBB,111.43308852396616
2023-04-18,BBB,111.76328680578878
2023-04-19,BBB,111.97114826948871
2023-04-20,BBB,112.50239318331303
2023-04-21,BBB,112.4246598273615
2023-04-22,BBB,112.38526455427383
2023-04-23,BBB,112.9858527881405
2023-04-24,BBB,113.8433677374909
2023-04-25,BBB,112.85650171158194
2023-04-26,BBB,114.86087202494475
2023-04-27,BBB,115.0026168072121
2023-04-28,BBB,116.0743033931751
2023-04-29,BBB,114.0083253729499
2023-04-30,BBB,114.47977384078432
2023-05-01,BBB,113.21332088244668
2023-05-02,BBB,111.79419014191713
2023-05-03,BBB,112.96202130623169
2023-05-04,BBB,111.88557777990266
2023-05-05,BBB,111.72971859428323
2023-05-06,BBB,110.29735306931272
2023-05-07,BBB,110.51546036243087
2023-05-08,BBB,110.19262583967709
2023-05-09,BBB,111.04304088344873
2023-05-10,BBB,110.38801900216549
2023-05-11,BBB,108.59786847481787
2023-05-12,BBB,108.1323708868679
2023-05-13,BBB,106.7732883562104
2023-05-14,BBB,105.05948444985943
2023-05-15,BBB,104.72784124655489
2023-05-16,BBB,105.12164272524632
2023-05-17,BBB,104.92653469820631
2023-05-18,BBB,104.12502409318674
2023-05-19,BBB,104.77315285673663
2023-05-20,BBB,105.34899522382675
2023-05-21,BBB,104.94952169676904
2023-05-22,BBB,104.42137907459015
2023-05-23,BBB,104.38240128113402
2023-05-24,BBB,103.18557612664486
2023-05-25,BBB,103.23584924707937
2023-05-26,BBB,103.3860685001148
2023-05-27,BBB,103.51689526676462
2023-05-28,BBB,102.83537236635344
2023-05-29,BBB,103.27862667149232
2023-05-30,BBB,102.74984789112621
2023-05-31,BBB,103.45531109106344
2023-06-01,BBB,104.60940817371548
2023-06-02,BBB,105.67107154468678
2023-06-03,BBB,105.65070404220796
2023-06-04,BBB,105.69678314220099
2023-06-05,BBB,105.46140095476636
2023-06-06,BBB,105.13043283571655
2023-06-07,BBB,106.93296866828723
2023-06-08,BBB,106.49164824848394
2023-06-09,BBB,105.53751776649047
2023-06-10,BBB,104.35436684919733
2023-06-11,BBB,104.39243694827572
2023-06-12,BBB,106.37225069553872
2023-06-13,BBB,106.6153647650546
2023-06-14,BBB,107.17738044039507
2023-06-15,BBB,108.71586300926099
2023-06-16,BBB,109.17328952606329
2023-06-17,BBB,107.824977985244
2023-06-18,BBB,108.83124681492676
2023-06-19,BBB,110.29769315025206
2023-06-20,BBB,111.39922258369351
2023-06-21,BBB,110.25492513256475
2023-06-22,BBB,109.55292747760578
2023-06-23,BBB,110.31601268381101
2023-06-24,BBB,108.13380495341593
2023-06-25,BBB,107.9200297027769
2023-06-26,BBB,110.01683337571545
2023-06-27,BBB,109.96028794611925
2023-06-28,BBB,110.77586457223734
2023-06-29,BBB,112.71760387206113
2023-06-30,BBB,112.7853955443741
2023-07-01,BBB,112.30674073335803
2023-07-02,BBB,111.42404468164867
2023-07-03,BBB,111.44395365009287
2023-07-04,BBB,113.83572072916337
2023-07-05,BBB,115.16603734404161
2023-07-06,BBB,115.67971835838875
2023-07-07,BBB,115.11025971058181
2023-07-08,BBB,113.84164647099523
2023-07-09,BBB,114.90203330255976
2023-07-10,BBB,115.27719246911641
2023-07-11,BBB,117.24356074123385
2023-07-12,BBB,115.57224459175548
2023-07-13,BBB,116.521689684226
2023-07-14,BBB,117.41274648005862
2023-07-15,BBB,119.03261693299649
2023-07-16,BBB,121.59734023234451
2023-07-17,BBB,122.23917046849247
2023-07-18,BBB,122.14154572828681
2023-07-19,BBB,123.0197756101407
2023-07-20,BBB,123.5592487411959
2023-07-21,BBB,123.03006635237578
2023-07-22,BBB,122.39873950900146
2023-07-23,BBB,120.67555934150492
2023-07-24,BBB,120.80350037537764
2023-07-25,BBB,120.61051094663551
2023-07-26,BBB,122.66893478755422
2023-07-27,BBB,123.90071155914902
2023-07-28,BBB,122.54570058623968
2023-07-29,BBB,123.79401137148034
2023-07-30,BBB,123.6520222154707
2023-07-31,BBB,124.37455597124749
2023-08-01,BBB,125.70314444696051
2023-08-02,BBB,125.31626348433363
2023-08-03,BBB,126.059415388195
2023-08-04,BBB,126.03874380962613
2023-08-05,BBB,126.39674085830184
2023-08-06,BBB,126.24904904035178
2023-08-07,BBB,126.67961762460241
2023-08-08,BBB,125.49917747299044
2023-08-09,BBB,125.07432891378666
2023-08-10,BBB,125.45516394354281
2023-08-11,BBB,125.19234641233973
2023-08-12,BBB,126.49951675490409
2023-08-13,BBB,127.50431312721311
2023-08-14,BBB,129.1170155800668
2023-08-15,BBB,128.7095015640947
2023-08-16,BBB,127.93553867815743
2023-08-17,BBB,126.50215711189746
2023-08-18,BBB,126.46349515902932
2023-08-19,BBB,125.38737376067435
2023-08-20,BBB,126.14926468306903
2023-08-21,BBB,127.10290848999952
2023-08-22,BBB,126.98994668547584
2023-08-23,BBB,128.18464822603624
2023-08-24,BBB,128.1408150248826
2023-08-25,BBB,129.32226948854932
2023-08-26,BBB,128.59105670719435
2023-08-27,BBB,129.15338102696447
2023-08-28,BBB,129.08094255540524
2023-08-29,BBB,130.0026670560379
2023-08-30,BBB,128.73758546632385
2023-08-31,BBB,129.05835195694658
2023-09-01,BBB,129.1842485758213
2023-09-02,BBB,129.47414691696417
2023-09-03,BBB,128.3432403923647
2023-09-04,BBB,129.34260333976857
2023-09-05,BBB,129.1352007360377
2023-09-06,BBB,131.32184693507338
2023-09-07,BBB,130.77761030831167
