order_id,symbol,side,quantity,price,timestamp,venue,cost
stat_arb_AAA_20230101_1,AAA,BUY,1.1960513972139288,199.58952059975948,2023-01-01,SIMULATED,0.0
stat_arb_BBB_20230101_2,BBB,SELL,2.3915378372679297,99.81833499038896,2023-01-01,SIMULATED,0.0
stat_arb_AAA_20230102_3,AAA,SELL,4.735533052126747,198.62799543940488,2023-01-02,SIMULATED,0.0
stat_arb_BBB_20230102_4,BBB,BUY,5.0,99.05963195714698,2023-01-02,SIMULATED,0.0
stat_arb_AAA_20230103_5,AAA,BUY,5.0,200.1758157987812,2023-01-03,SIMULATED,0.0
stat_arb_BBB_20230103_6,BBB,SELL,5.0,100.3112419343606,2023-01-03,SIMULATED,0.0
stat_arb_AAA_20230104_7,AAA,SELL,2.071431965978181,197.39201408613823,2023-01-04,SIMULATED,0.0
stat_arb_BBB_20230104_8,BBB,BUY,4.148326859315208,98.56603437327485,2023-01-04,SIMULATED,0.0
stat_arb_AAA_20230105_9,AAA,SELL,0.1686421468198532,197.21850278418327,2023-01-05,SIMULATED,0.0
stat_arb_BBB_20230105_10,BBB,BUY,0.33742702501809724,98.56753975274523,2023-01-05,SIMULATED,0.0
stat_arb_AAA_20230106_11,AAA,BUY,5.0,198.0752281903696,2023-01-06,SIMULATED,0.0
stat_arb_BBB_20230106_12,BBB,SELL,5.0,99.40468639251884,2023-01-06,SIMULATED,0.0
stat_arb_AAA_20230107_13,AAA,SELL,5.0,202.1643332385445,2023-01-07,SIMULATED,0.0
stat_arb_BBB_20230107_14,BBB,BUY,5.0,100.64074769245786,2023-01-07,SIMULATED,0.0
stat_arb_AAA_20230108_15,AAA,BUY,5.0,202.61782137924263,2023-01-08,SIMULATED,0.0
stat_arb_BBB_20230108_16,BBB,SELL,5.0,101.56827585643686,2023-01-08,SIMULATED,0.0
stat_arb_AAA_20230109_17,AAA,BUY,5.0,199.74152391516384,2023-01-09,SIMULATED,0.0
stat_arb_BBB_20230109_18,BBB,SELL,5.0,100.66173272810605,2023-01-09,SIMULATED,0.0
stat_arb_AAA_20230110_19,AAA,BUY,5.0,200.3309707438397,2023-01-10,SIMULATED,0.0
stat_arb_BBB_20230110_20,BBB,SELL,5.0,100.44072530557588,2023-01-10,SIMULATED,0.0
stat_arb_AAA_20230111_21,AAA,BUY,1.2495820841639358,200.6796881169475,2023-01-11,SIMULATED,0.0
stat_arb_BBB_20230111_22,BBB,SELL,2.4984915980226905,100.36685459538876,2023-01-11,SIMULATED,0.0
stat_arb_AAA_20230112_23,AAA,BUY,2.06430611041588,199.5498734269705,2023-01-12,SIMULATED,0.0
stat_arb_BBB_20230112_24,BBB,SELL,4.125953372688229,99.83923370894034,2023-01-12,SIMULATED,0.0
stat_arb_AAA_20230113_25,AAA,BUY,5.0,197.83821146540456,2023-01-13,SIMULATED,0.0
stat_arb_BBB_20230113_26,BBB,SELL,5.0,99.15714958177456,2023-01-13,SIMULATED,0.0
stat_arb_AAA_20230114_27,AAA,SELL,1.0498964154569674,198.4962380589319,2023-01-14,SIMULATED,0.0
stat_arb_BBB_20230114_28,BBB,BUY,2.101533455379256,99.16591538732187,2023-01-14,SIMULATED,0.0
stat_arb_AAA_20230115_29,AAA,SELL,1.6498379459416233,200.4719518557773,2023-01-15,SIMULATED,0.0
stat_arb_BBB_20230115_30,BBB,BUY,3.303297379445235,100.12608471968396,2023-01-15,SIMULATED,0.0
stat_arb_AAA_20230116_31,AAA,SELL,1.4641753713269612,202.09566785194227,2023-01-16,SIMULATED,0.0
stat_arb_BBB_20230116_32,BBB,BUY,2.9312747797011753,100.94703559345372,2023-01-16,SIMULATED,0.0
stat_arb_AAA_20230117_33,AAA,BUY,4.563023511616245,205.54044934484304,2023-01-17,SIMULATED,0.0
stat_arb_BBB_20230117_34,BBB,SELL,5.0,102.96154913044232,2023-01-17,SIMULATED,0.0
stat_arb_AAA_20230118_35,AAA,BUY,4.090305620952498,205.7127196667815,2023-01-18,SIMULATED,0.0
stat_arb_BBB_20230118_36,BBB,SELL,5.0,103.02508997979513,2023-01-18,SIMULATED,0.0
stat_arb_AAA_20230119_37,AAA,SELL,0.24862609196672522,207.92435017786508,2023-01-19,SIMULATED,0.0
stat_arb_BBB_20230119_38,BBB,BUY,0.497444221143341,103.92204072775262,2023-01-19,SIMULATED,0.0
stat_arb_AAA_20230120_39,AAA,SELL,5.0,206.81991452515587,2023-01-20,SIMULATED,0.0
stat_arb_BBB_20230120_40,BBB,BUY,5.0,102.93882114585736,2023-01-20,SIMULATED,0.0
stat_arb_AAA_20230121_41,AAA,BUY,5.0,206.08746910393052,2023-01-21,SIMULATED,0.0
stat_arb_BBB_20230121_42,BBB,SELL,5.0,103.26424198991997,2023-01-21,SIMULATED,0.0
stat_arb_AAA_20230122_43,AAA,SELL,5.0,211.01261700938736,2023-01-22,SIMULATED,0.0
stat_arb_BBB_20230122_44,BBB,BUY,5.0,105.07411538982832,2023-01-22,SIMULATED,0.0
stat_arb_AAA_20230123_45,AAA,BUY,0.7600342283689113,211.9024990119292,2023-01-23,SIMULATED,0.0
stat_arb_BBB_20230123_46,BBB,SELL,1.5198947752848915,105.96335676973924,2023-01-23,SIMULATED,0.0
stat_arb_AAA_20230124_47,AAA,SELL,5.0,215.77244831447965,2023-01-24,SIMULATED,0.0
stat_arb_BBB_20230124_48,BBB,BUY,5.0,107.5935486352612,2023-01-24,SIMULATED,0.0
stat_arb_AAA_20230125_49,AAA,SELL,1.6943154153815259,213.87136799631855,2023-01-25,SIMULATED,0.0
stat_arb_BBB_20230125_50,BBB,BUY,3.3921178379751202,106.82575694988444,2023-01-25,SIMULATED,0.0
stat_arb_AAA_20230126_51,AAA,BUY,5.0,212.4348424380917,2023-01-26,SIMULATED,0.0
stat_arb_BBB_20230126_52,BBB,SELL,5.0,106.4817439758812,2023-01-26,SIMULATED,0.0
stat_arb_AAA_20230127_53,AAA,BUY,0.27023712382366655,212.7114839277652,2023-01-27,SIMULATED,0.0
stat_arb_BBB_20230127_54,BBB,SELL,0.5405342617429617,106.34393356593148,2023-01-27,SIMULATED,0.0
stat_arb_AAA_20230128_55,AAA,SELL,5.0,215.2401529467667,2023-01-28,SIMULATED,0.0
stat_arb_BBB_20230128_56,BBB,BUY,5.0,107.31564015593388,2023-01-28,SIMULATED,0.0
stat_arb_AAA_20230129_57,AAA,SELL,5.0,215.38912941194232,2023-01-29,SIMULATED,0.0
stat_arb_BBB_20230129_58,BBB,BUY,5.0,107.32928007811076,2023-01-29,SIMULATED,0.0
stat_arb_AAA_20230130_59,AAA,BUY,3.467323818382272,215.46216344335068,2023-01-30,SIMULATED,0.0
stat_arb_BBB_20230130_60,BBB,SELL,5.0,107.8830036743896,2023-01-30,SIMULATED,0.0
stat_arb_AAA_20230131_61,AAA,BUY,2.6845483118011377,213.60507243150852,2023-01-31,SIMULATED,0.0
stat_arb_BBB_20230131_62,BBB,SELL,5.0,106.91258665912692,2023-01-31,SIMULATED,0.0
stat_arb_AAA_20230201_63,AAA,BUY,1.323975174860125,212.46046014819285,2023-02-01,SIMULATED,0.0
stat_arb_BBB_20230201_64,BBB,SELL,2.646936255481136,106.27092900068176,2023-02-01,SIMULATED,0.0
stat_arb_AAA_20230202_65,AAA,BUY,0.7912639808663238,212.7386198844782,2023-02-02,SIMULATED,0.0
stat_arb_BBB_20230202_66,BBB,SELL,1.5823155160641167,106.3835913538365,2023-02-02,SIMULATED,0.0
stat_arb_AAA_20230203_67,AAA,BUY,2.184861793978568,212.70560463138443,2023-02-03,SIMULATED,0.0
stat_arb_BBB_20230203_68,BBB,SELL,4.366275644004672,106.4367865923321,2023-02-03,SIMULATED,0.0
stat_arb_AAA_20230204_69,AAA,BUY,5.0,211.3177678674172,2023-02-04,SIMULATED,0.0
stat_arb_BBB_20230204_70,BBB,SELL,5.0,105.94323756610176,2023-02-04,SIMULATED,0.0
stat_arb_AAA_20230205_71,AAA,BUY,2.829217551124112,212.32913463060717,2023-02-05,SIMULATED,0.0
stat_arb_BBB_20230205_72,BBB,SELL,5.0,106.2803327702103,2023-02-05,SIMULATED,0.0
stat_arb_AAA_20230206_73,AAA,BUY,5.0,209.8600716972726,2023-02-06,SIMULATED,0.0
stat_arb_BBB_20230206_74,BBB,SELL,5.0,105.2428048460357,2023-02-06,SIMULATED,0.0
stat_arb_AAA_20230207_75,AAA,SELL,2.14948870488304,211.54375368571652,2023-02-07,SIMULATED,0.0
stat_arb_BBB_20230207_76,BBB,BUY,4.304387196159722,105.6389419478086,2023-02-07,SIMULATED,0.0
stat_arb_AAA_20230208_77,AAA,SELL,3.1802118820507026,212.8730554935298,2023-02-08,SIMULATED,0.0
stat_arb_BBB_20230208_78,BBB,BUY,5.0,106.25204325950668,2023-02-08,SIMULATED,0.0
stat_arb_AAA_20230209_79,AAA,BUY,0.8112786414321339,211.4429089074673,2023-02-09,SIMULATED,0.0
stat_arb_BBB_20230209_80,BBB,SELL,1.6223375373941775,105.73577441500686,2023-02-09,SIMULATED,0.0
stat_arb_AAA_20230210_81,AAA,BUY,3.2756384324151915,209.33567977207315,2023-02-10,SIMULATED,0.0
stat_arb_BBB_20230210_82,BBB,SELL,5.0,104.80194192535107,2023-02-10,SIMULATED,0.0
stat_arb_AAA_20230211_83,AAA,BUY,4.179100187778668,211.33006884972625,2023-02-11,SIMULATED,0.0
stat_arb_BBB_20230211_84,BBB,SELL,5.0,105.84668634121196,2023-02-11,SIMULATED,0.0
stat_arb_AAA_20230212_85,AAA,BUY,1.6034232941339526,213.7862603377752,2023-02-12,SIMULATED,0.0
stat_arb_BBB_20230212_86,BBB,SELL,3.2051705230472645,106.94902730650108,2023-02-12,SIMULATED,0.0
stat_arb_AAA_20230213_87,AAA,SELL,1.8089559039297602,213.09068123920488,2023-02-13,SIMULATED,0.0
stat_arb_BBB_20230213_88,BBB,BUY,3.621848031896337,106.429547155309,2023-02-13,SIMULATED,0.0
stat_arb_AAA_20230214_89,AAA,BUY,0.9467501299917824,215.15850320135357,2023-02-14,SIMULATED,0.0
stat_arb_BBB_20230214_90,BBB,SELL,1.8930790237845432,107.60318946828215,2023-02-14,SIMULATED,0.0
stat_arb_AAA_20230215_91,AAA,SELL,5.0,217.14242616114603,2023-02-15,SIMULATED,0.0
stat_arb_BBB_20230215_92,BBB,BUY,5.0,108.18916844235916,2023-02-15,SIMULATED,0.0
stat_arb_AAA_20230216_93,AAA,SELL,5.0,217.76364890748,2023-02-16,SIMULATED,0.0
stat_arb_BBB_20230216_94,BBB,BUY,5.0,108.40085898039084,2023-02-16,SIMULATED,0.0
stat_arb_AAA_20230217_95,AAA,BUY,4.571837389517805,215.3350074789872,2023-02-17,SIMULATED,0.0
stat_arb_BBB_20230217_96,BBB,SELL,5.0,107.87519810108256,2023-02-17,SIMULATED,0.0
stat_arb_AAA_20230218_97,AAA,BUY,0.26137228737254964,213.798186365452,2023-02-18,SIMULATED,0.0
stat_arb_BBB_20230218_98,BBB,SELL,0.5228012316436337,106.88750833802924,2023-02-18,SIMULATED,0.0
stat_arb_AAA_20230219_99,AAA,SELL,5.0,217.3927001874587,2023-02-19,SIMULATED,0.0
stat_arb_BBB_20230219_100,BBB,BUY,5.0,108.34555364646816,2023-02-19,SIMULATED,0.0
stat_arb_AAA_20230220_101,AAA,SELL,2.347837163135948,216.0319402168237,2023-02-20,SIMULATED,0.0
stat_arb_BBB_20230220_102,BBB,BUY,4.701890537296693,107.87316583448928,2023-02-20,SIMULATED,0.0
stat_arb_AAA_20230221_103,AAA,BUY,1.6171982257259307,213.11515958568395,2023-02-21,SIMULATED,0.0
stat_arb_BBB_20230221_104,BBB,SELL,3.232698644076305,106.61354363754656,2023-02-21,SIMULATED,0.0
stat_arb_AAA_20230222_105,AAA,BUY,0.4895324270941872,212.3223772534201,2023-02-22,SIMULATED,0.0
stat_arb_BBB_20230222_106,BBB,SELL,0.9790749586402124,106.16009300005952,2023-02-22,SIMULATED,0.0
stat_arb_AAA_20230223_107,AAA,SELL,1.81078726816629,212.2570516306863,2023-02-23,SIMULATED,0.0
stat_arb_BBB_20230223_108,BBB,BUY,3.625536981789955,106.01253513668586,2023-02-23,SIMULATED,0.0
stat_arb_AAA_20230224_109,AAA,SELL,5.0,212.814902560388,2023-02-24,SIMULATED,0.0
stat_arb_BBB_20230224_110,BBB,BUY,5.0,106.09660210554048,2023-02-24,SIMULATED,0.0
stat_arb_AAA_20230225_111,AAA,SELL,4.446060008020115,212.6586113697796,2023-02-25,SIMULATED,0.0
stat_arb_BBB_20230225_112,BBB,BUY,5.0,106.08154172808672,2023-02-25,SIMULATED,0.0
stat_arb_AAA_20230226_113,AAA,SELL,4.999999999999999,210.40226447519456,2023-02-26,SIMULATED,0.0
stat_arb_BBB_20230226_114,BBB,BUY,5.0,104.85995538131588,2023-02-26,SIMULATED,0.0
stat_arb_AAA_20230227_115,AAA,SELL,0.22793002239796586,208.7285314440965,2023-02-27,SIMULATED,0.0
stat_arb_BBB_20230227_116,BBB,BUY,0.4560292398300226,104.32554470603776,2023-02-27,SIMULATED,0.0
stat_arb_AAA_20230228_117,AAA,SELL,5.0,212.0818796675399,2023-02-28,SIMULATED,0.0
stat_arb_BBB_20230228_118,BBB,BUY,5.0,105.60773202057716,2023-02-28,SIMULATED,0.0
stat_arb_AAA_20230301_119,AAA,BUY,2.1740946041148943,214.17365389981407,2023-03-01,SIMULATED,0.0
stat_arb_BBB_20230301_120,BBB,SELL,4.344740282472856,107.17183422115536,2023-03-01,SIMULATED,0.0
stat_arb_AAA_20230302_121,AAA,SELL,0.3610738272764261,218.0788022616049,2023-03-02,SIMULATED,0.0
stat_arb_BBB_20230302_122,BBB,BUY,0.7224185446047371,108.99851390656046,2023-03-02,SIMULATED,0.0
stat_arb_AAA_20230303_123,AAA,SELL,3.7731289602550824,217.3777957794188,2023-03-03,SIMULATED,0.0
stat_arb_BBB_20230303_124,BBB,BUY,5.0,108.47321433626983,2023-03-03,SIMULATED,0.0
stat_arb_AAA_20230304_125,AAA,BUY,0.7142364730827316,213.81422424959644,2023-03-04,SIMULATED,0.0
stat_arb_BBB_20230304_126,BBB,SELL,1.4283232868743183,106.9183138203569,2023-03-04,SIMULATED,0.0
stat_arb_AAA_20230305_127,AAA,BUY,1.6703862818362178,214.1091065740781,2023-03-05,SIMULATED,0.0
stat_arb_BBB_20230305_128,BBB,SELL,3.338914647337944,107.11412306471884,2023-03-05,SIMULATED,0.0
stat_arb_AAA_20230306_129,AAA,SELL,4.461620780414221,213.3113039889768,2023-03-06,SIMULATED,0.0
stat_arb_BBB_20230306_130,BBB,BUY,5.0,106.40678519567862,2023-03-06,SIMULATED,0.0
stat_arb_AAA_20230307_131,AAA,SELL,0.7940202683890832,213.2674551219082,2023-03-07,SIMULATED,0.0
stat_arb_BBB_20230307_132,BBB,BUY,1.5890069856328244,106.56887193426336,2023-03-07,SIMULATED,0.0
stat_arb_AAA_20230308_133,AAA,BUY,5.0,215.79445979237508,2023-03-08,SIMULATED,0.0
stat_arb_BBB_20230308_134,BBB,SELL,4.999999999999999,108.13326490479773,2023-03-08,SIMULATED,0.0
stat_arb_AAA_20230309_135,AAA,BUY,0.554787707774574,216.15906739129372,2023-03-09,SIMULATED,0.0
stat_arb_BBB_20230309_136,BBB,SELL,1.1095263083521196,108.08431725320288,2023-03-09,SIMULATED,0.0
stat_arb_AAA_20230310_137,AAA,BUY,0.43929308715682963,214.6964152687366,2023-03-10,SIMULATED,0.0
stat_arb_BBB_20230310_138,BBB,SELL,0.8786029366520097,107.34615960231352,2023-03-10,SIMULATED,0.0
stat_arb_AAA_20230311_139,AAA,BUY,5.0,212.8065048233589,2023-03-11,SIMULATED,0.0
stat_arb_BBB_20230311_140,BBB,SELL,5.0,106.76133722285836,2023-03-11,SIMULATED,0.0
stat_arb_AAA_20230312_141,AAA,BUY,5.0,213.74962572955852,2023-03-12,SIMULATED,0.0
stat_arb_BBB_20230312_142,BBB,SELL,5.0,107.30575158216637,2023-03-12,SIMULATED,0.0
stat_arb_AAA_20230313_143,AAA,BUY,3.748633887373254,211.83339661392324,2023-03-13,SIMULATED,0.0
stat_arb_BBB_20230313_144,BBB,SELL,5.0,106.07767342530992,2023-03-13,SIMULATED,0.0
stat_arb_AAA_20230314_145,AAA,BUY,0.28156249483174717,214.42804251190205,2023-03-14,SIMULATED,0.0
stat_arb_BBB_20230314_146,BBB,SELL,0.5631784626094074,107.20384144628078,2023-03-14,SIMULATED,0.0
stat_arb_AAA_20230315_147,AAA,SELL,3.8927609429492485,214.0106083568318,2023-03-15,SIMULATED,0.0
stat_arb_BBB_20230315_148,BBB,BUY,5.0,106.78472670927404,2023-03-15,SIMULATED,0.0
stat_arb_AAA_20230316_149,AAA,SELL,0.9864118064428746,216.29188772823417,2023-03-16,SIMULATED,0.0
stat_arb_BBB_20230316_150,BBB,BUY,1.9741660272410517,108.07240563809776,2023-03-16,SIMULATED,0.0
stat_arb_AAA_20230317_151,AAA,SELL,5.0,221.57718564542137,2023-03-17,SIMULATED,0.0
stat_arb_BBB_20230317_152,BBB,BUY,5.0,110.12739668965882,2023-03-17,SIMULATED,0.0
stat_arb_AAA_20230318_153,AAA,SELL,4.923980528762403,224.07802746121277,2023-03-18,SIMULATED,0.0
stat_arb_BBB_20230318_154,BBB,BUY,4.999999999999999,111.7604243518918,2023-03-18,SIMULATED,0.0
stat_arb_AAA_20230319_155,AAA,SELL,4.503563237528408,224.362337237702,2023-03-19,SIMULATED,0.0
stat_arb_BBB_20230319_156,BBB,BUY,5.0,111.92459491487848,2023-03-19,SIMULATED,0.0
stat_arb_AAA_20230320_157,AAA,SELL,3.2821073125746754,225.6204636098179,2023-03-20,SIMULATED,0.0
stat_arb_BBB_20230320_158,BBB,BUY,5.0,112.61784527141356,2023-03-20,SIMULATED,0.0
stat_arb_AAA_20230321_159,AAA,SELL,5.0,227.7731264939152,2023-03-21,SIMULATED,0.0
stat_arb_BBB_20230321_160,BBB,BUY,5.0,113.57239300574638,2023-03-21,SIMULATED,0.0
stat_arb_AAA_20230322_161,AAA,SELL,2.7721892775167887,227.3367393345441,2023-03-22,SIMULATED,0.0
stat_arb_BBB_20230322_162,BBB,BUY,5.0,113.50287435543764,2023-03-22,SIMULATED,0.0
stat_arb_AAA_20230323_163,AAA,BUY,0.37198506018754474,223.71791412582425,2023-03-23,SIMULATED,0.0
stat_arb_BBB_20230323_164,BBB,SELL,0.7439679545692518,111.85928270164524,2023-03-23,SIMULATED,0.0
stat_arb_AAA_20230324_165,AAA,BUY,0.13003538115445373,222.94409429100136,2023-03-24,SIMULATED,0.0
stat_arb_BBB_20230324_166,BBB,SELL,0.2601007640884396,111.4591892064086,2023-03-24,SIMULATED,0.0
stat_arb_AAA_20230325_167,AAA,BUY,1.6054955535390958,225.05951478809456,2023-03-25,SIMULATED,0.0
stat_arb_BBB_20230325_168,BBB,SELL,3.209095072950442,112.59624350790688,2023-03-25,SIMULATED,0.0
stat_arb_AAA_20230326_169,AAA,BUY,0.5686773714580465,226.0009685577301,2023-03-26,SIMULATED,0.0
stat_arb_BBB_20230326_170,BBB,SELL,1.1372315298417934,113.0127272889294,2023-03-26,SIMULATED,0.0
stat_arb_AAA_20230327_171,AAA,SELL,5.0,227.6340811037309,2023-03-27,SIMULATED,0.0
stat_arb_BBB_20230327_172,BBB,BUY,5.000000000000001,113.28709603816122,2023-03-27,SIMULATED,0.0
stat_arb_AAA_20230328_173,AAA,BUY,5.0,223.39033908522717,2023-03-28,SIMULATED,0.0
stat_arb_BBB_20230328_174,BBB,SELL,5.0,112.07559365063231,2023-03-28,SIMULATED,0.0
stat_arb_AAA_20230329_175,AAA,BUY,0.1393833791504521,226.73833389138147,2023-03-29,SIMULATED,0.0
stat_arb_BBB_20230329_176,BBB,SELL,0.2787917121825236,113.35901958245276,2023-03-29,SIMULATED,0.0
stat_arb_AAA_20230330_177,AAA,SELL,1.3769855914190463,227.0471456960155,2023-03-30,SIMULATED,0.0
stat_arb_BBB_20230330_178,BBB,BUY,2.756179361550907,113.43262073492592,2023-03-30,SIMULATED,0.0
stat_arb_AAA_20230331_179,AAA,SELL,4.820922521917392,229.5633205862439,2023-03-31,SIMULATED,0.0
stat_arb_BBB_20230331_180,BBB,BUY,5.000000000000001,114.50531272344932,2023-03-31,SIMULATED,0.0
stat_arb_AAA_20230401_181,AAA,BUY,0.3857192451785946,229.93222012232587,2023-04-01,SIMULATED,0.0
stat_arb_BBB_20230401_182,BBB,SELL,0.7714046390789909,114.97115507849614,2023-04-01,SIMULATED,0.0
stat_arb_AAA_20230402_183,AAA,BUY,0.4741942655168738,229.1487756811259,2023-04-02,SIMULATED,0.0
stat_arb_BBB_20230402_184,BBB,SELL,0.9483114728090204,114.58369796616972,2023-04-02,SIMULATED,0.0
stat_arb_AAA_20230403_185,AAA,BUY,4.450423731634915,230.562434423518,2023-04-03,SIMULATED,0.0
stat_arb_BBB_20230403_186,BBB,SELL,5.0,115.50711426992667,2023-04-03,SIMULATED,0.0
stat_arb_AAA_20230404_187,AAA,BUY,2.86046782699574,230.17755868398947,2023-04-04,SIMULATED,0.0
stat_arb_BBB_20230404_188,BBB,SELL,5.0,115.22797455426527,2023-04-04,SIMULATED,0.0
stat_arb_AAA_20230405_189,AAA,SELL,3.880018009060297,233.06058868513392,2023-04-05,SIMULATED,0.0
stat_arb_BBB_20230405_190,BBB,BUY,5.0,116.30349501705146,2023-04-05,SIMULATED,0.0
stat_arb_AAA_20230406_191,AAA,BUY,2.7508874190074017,232.35056680174668,2023-04-06,SIMULATED,0.0
stat_arb_BBB_20230406_192,BBB,SELL,5.0,116.31115199492544,2023-04-06,SIMULATED,0.0
stat_arb_AAA_20230407_193,AAA,BUY,5.0,232.68226100939447,2023-04-07,SIMULATED,0.0
stat_arb_BBB_20230407_194,BBB,SELL,5.0,116.61948906595111,2023-04-07,SIMULATED,0.0
stat_arb_AAA_20230408_195,AAA,SELL,5.0,232.70942255926028,2023-04-08,SIMULATED,0.0
stat_arb_BBB_20230408_196,BBB,BUY,5.0,115.87367607789216,2023-04-08,SIMULATED,0.0
stat_arb_AAA_20230409_197,AAA,BUY,1.1208167430248492,231.55382660659868,2023-04-09,SIMULATED,0.0
stat_arb_BBB_20230409_198,BBB,SELL,2.240740748089677,115.8230402126654,2023-04-09,SIMULATED,0.0
stat_arb_AAA_20230410_199,AAA,BUY,0.1907623898791476,231.96065035363893,2023-04-10,SIMULATED,0.0
stat_arb_BBB_20230410_200,BBB,SELL,0.3815388856604269,115.97603725970896,2023-04-10,SIMULATED,0.0
stat_arb_AAA_20230411_201,AAA,BUY,2.277376209247496,234.5098528061672,2023-04-11,SIMULATED,0.0
stat_arb_BBB_20230411_202,BBB,SELL,4.550392826196361,117.36726476455004,2023-04-11,SIMULATED,0.0
stat_arb_AAA_20230412_203,AAA,SELL,5.0,237.0847132024906,2023-04-12,SIMULATED,0.0
stat_arb_BBB_20230412_204,BBB,BUY,4.999999999999999,118.2386326813467,2023-04-12,SIMULATED,0.0
stat_arb_AAA_20230413_205,AAA,SELL,0.4882752751831901,237.92562491654883,2023-04-13,SIMULATED,0.0
stat_arb_BBB_20230413_206,BBB,BUY,0.9768685710847612,118.92408397401516,2023-04-13,SIMULATED,0.0
stat_arb_AAA_20230414_207,AAA,BUY,3.1656064939123825,234.51189183538423,2023-04-14,SIMULATED,0.0
stat_arb_BBB_20230414_208,BBB,SELL,5.0,117.41728429779148,2023-04-14,SIMULATED,0.0
stat_arb_AAA_20230415_209,AAA,BUY,4.9208444313097575,233.30265103747908,2023-04-15,SIMULATED,0.0
stat_arb_BBB_20230415_210,BBB,SELL,5.0,116.90742108799904,2023-04-15,SIMULATED,0.0
stat_arb_AAA_20230416_211,AAA,SELL,5.0,236.1332735185021,2023-04-16,SIMULATED,0.0
stat_arb_BBB_20230416_212,BBB,BUY,5.0,117.62851790506018,2023-04-16,SIMULATED,0.0
stat_arb_AAA_20230417_213,AAA,SELL,1.6633231927516454,234.4095532555992,2023-04-17,SIMULATED,0.0
stat_arb_BBB_20230417_214,BBB,BUY,3.329630950654032,117.0997183504686,2023-04-17,SIMULATED,0.0
stat_arb_AAA_20230418_215,AAA,BUY,4.588111613713049,235.0321591684736,2023-04-18,SIMULATED,0.0
stat_arb_BBB_20230418_216,BBB,SELL,5.0,117.75673707179276,2023-04-18,SIMULATED,0.0
stat_arb_AAA_20230419_217,AAA,BUY,1.073695458951794,233.91966375166183,2023-04-19,SIMULATED,0.0
stat_arb_BBB_20230419_218,BBB,SELL,2.146556506381901,117.00529661482176,2023-04-19,SIMULATED,0.0
stat_arb_AAA_20230420_219,AAA,BUY,3.9691991460913276,234.86359817602448,2023-04-20,SIMULATED,0.0
stat_arb_BBB_20230420_220,BBB,SELL,5.0,117.6379890262735,2023-04-20,SIMULATED,0.0
stat_arb_AAA_20230421_221,AAA,SELL,1.5996836922070716,236.2047156991741,2023-04-21,SIMULATED,0.0
stat_arb_BBB_20230421_222,BBB,BUY,3.202112119535243,118.00112476424415,2023-04-21,SIMULATED,0.0
stat_arb_AAA_20230422_223,AAA,SELL,3.140101722268238,237.92015818345823,2023-04-22,SIMULATED,0.0
stat_arb_BBB_20230422_224,BBB,BUY,5.0,118.77293845268642,2023-04-22,SIMULATED,0.0
stat_arb_AAA_20230423_225,AAA,SELL,2.309634092022958,243.06197251511105,2023-04-23,SIMULATED,0.0
stat_arb_BBB_20230423_226,BBB,BUY,4.624619066493944,121.39036969824396,2023-04-23,SIMULATED,0.0
stat_arb_AAA_20230424_227,AAA,BUY,2.965501220379217,239.98008364482533,2023-04-24,SIMULATED,0.0
stat_arb_BBB_20230424_228,BBB,SELL,5.0,120.14717676974632,2023-04-24,SIMULATED,0.0
stat_arb_AAA_20230425_229,AAA,SELL,5.0,237.26756833092972,2023-04-25,SIMULATED,0.0
stat_arb_BBB_20230425_230,BBB,BUY,5.0,118.26066076419896,2023-04-25,SIMULATED,0.0
stat_arb_AAA_20230426_231,AAA,BUY,2.4446497773807225,236.61896671751973,2023-04-26,SIMULATED,0.0
stat_arb_BBB_20230426_232,BBB,SELL,4.884182779157306,118.43342693449412,2023-04-26,SIMULATED,0.0
stat_arb_AAA_20230427_233,AAA,SELL,5.0,234.7111839302661,2023-04-27,SIMULATED,0.0
stat_arb_BBB_20230427_234,BBB,BUY,5.0,117.06229317490224,2023-04-27,SIMULATED,0.0
stat_arb_AAA_20230428_235,AAA,BUY,5.000000000000001,235.2426343865826,2023-04-28,SIMULATED,0.0
stat_arb_BBB_20230428_236,BBB,SELL,5.0,117.9333220275225,2023-04-28,SIMULATED,0.0
stat_arb_AAA_20230429_237,AAA,BUY,1.5374893914317813,237.5293374205782,2023-04-29,SIMULATED,0.0
stat_arb_BBB_20230429_238,BBB,SELL,3.0730566703881204,118.83895274597562,2023-04-29,SIMULATED,0.0
stat_arb_AAA_20230430_239,AAA,SELL,1.6497582897738516,235.81727120218216,2023-04-30,SIMULATED,0.0
stat_arb_BBB_20230430_240,BBB,BUY,3.3024316647662206,117.8045566206103,2023-04-30,SIMULATED,0.0
stat_arb_AAA_20230501_241,AAA,SELL,3.2032403498186435,234.65623667218725,2023-05-01,SIMULATED,0.0
stat_arb_BBB_20230501_242,BBB,BUY,5.0,117.13810046269772,2023-05-01,SIMULATED,0.0
stat_arb_AAA_20230502_243,AAA,BUY,5.0,232.15916448042108,2023-05-02,SIMULATED,0.0
stat_arb_BBB_20230502_244,BBB,SELL,5.0,116.48571468286218,2023-05-02,SIMULATED,0.0
stat_arb_AAA_20230503_245,AAA,SELL,0.7036655546354484,233.7363716793478,2023-05-03,SIMULATED,0.0
stat_arb_BBB_20230503_246,BBB,BUY,1.4079624414380312,116.81578199503736,2023-05-03,SIMULATED,0.0
stat_arb_AAA_20230504_247,AAA,SELL,4.500837381990969,233.2599647141052,2023-05-04,SIMULATED,0.0
stat_arb_BBB_20230504_248,BBB,BUY,5.0,116.3690475173246,2023-05-04,SIMULATED,0.0
stat_arb_AAA_20230505_249,AAA,SELL,1.3992310953736706,232.51332472982472,2023-05-05,SIMULATED,0.0
stat_arb_BBB_20230505_250,BBB,BUY,2.800652471299849,116.16574258486584,2023-05-05,SIMULATED,0.0
stat_arb_AAA_20230506_251,AAA,SELL,4.849534671868582,233.66112563307053,2023-05-06,SIMULATED,0.0
stat_arb_BBB_20230506_252,BBB,BUY,5.0,116.55025931848051,2023-05-06,SIMULATED,0.0
stat_arb_AAA_20230507_253,AAA,SELL,0.3152320428619465,233.1877989993486,2023-05-07,SIMULATED,0.0
stat_arb_BBB_20230507_254,BBB,BUY,0.6306334339777191,116.56258975264343,2023-05-07,SIMULATED,0.0
stat_arb_AAA_20230508_255,AAA,BUY,5.0,236.4216684545772,2023-05-08,SIMULATED,0.0
stat_arb_BBB_20230508_256,BBB,SELL,5.000000000000001,118.48435193402264,2023-05-08,SIMULATED,0.0
stat_arb_AAA_20230509_257,AAA,SELL,4.277888697815318,241.93605630346764,2023-05-09,SIMULATED,0.0
stat_arb_BBB_20230509_258,BBB,BUY,5.000000000000001,120.71538843882075,2023-05-09,SIMULATED,0.0
stat_arb_AAA_20230510_259,AAA,SELL,3.7772403192247603,243.1937888246549,2023-05-10,SIMULATED,0.0
stat_arb_BBB_20230510_260,BBB,BUY,5.0,121.37232374667371,2023-05-10,SIMULATED,0.0
stat_arb_AAA_20230511_261,AAA,BUY,4.655825275205552,241.24928543335335,2023-05-11,SIMULATED,0.0
stat_arb_BBB_20230511_262,BBB,SELL,5.0,120.87928698798623,2023-05-11,SIMULATED,0.0
stat_arb_AAA_20230512_263,AAA,BUY,1.5024187514701997,241.5053126672232,2023-05-12,SIMULATED,0.0
stat_arb_BBB_20230512_264,BBB,SELL,3.0029493295565346,120.82858234057947,2023-05-12,SIMULATED,0.0
stat_arb_AAA_20230513_265,AAA,SELL,0.9018268226919297,243.22710446426404,2023-05-13,SIMULATED,0.0
stat_arb_BBB_20230513_266,BBB,BUY,1.804544978644533,121.55348268255806,2023-05-13,SIMULATED,0.0
stat_arb_AAA_20230514_267,AAA,SELL,0.2953086308934351,245.9046553332239,2023-05-14,SIMULATED,0.0
stat_arb_BBB_20230514_268,BBB,BUY,0.5907329340169398,122.92825220185544,2023-05-14,SIMULATED,0.0
stat_arb_AAA_20230515_269,AAA,SELL,0.876958854900585,245.916618177136,2023-05-15,SIMULATED,0.0
stat_arb_BBB_20230515_270,BBB,BUY,1.754741374678639,122.90059320972072,2023-05-15,SIMULATED,0.0
stat_arb_AAA_20230516_271,AAA,BUY,4.189795733217776,246.91593735708148,2023-05-16,SIMULATED,0.0
stat_arb_BBB_20230516_272,BBB,SELL,5.0,123.6948816486267,2023-05-16,SIMULATED,0.0
stat_arb_AAA_20230517_273,AAA,BUY,1.8128931753394455,247.4313567458904,2023-05-17,SIMULATED,0.0
stat_arb_BBB_20230517_274,BBB,SELL,3.6228765791529622,123.81504260751836,2023-05-17,SIMULATED,0.0
stat_arb_AAA_20230518_275,AAA,BUY,5.0,244.89522645977308,2023-05-18,SIMULATED,0.0
stat_arb_BBB_20230518_276,BBB,SELL,5.0,122.75751029525976,2023-05-18,SIMULATED,0.0
stat_arb_AAA_20230519_277,AAA,BUY,2.5607845439690027,244.18154623638657,2023-05-19,SIMULATED,0.0
stat_arb_BBB_20230519_278,BBB,SELL,5.0,122.22991365250782,2023-05-19,SIMULATED,0.0
stat_arb_AAA_20230520_279,AAA,SELL,1.0109099856767303,245.5963689454136,2023-05-20,SIMULATED,0.0
stat_arb_BBB_20230520_280,BBB,BUY,2.022900050910282,122.73261929137018,2023-05-20,SIMULATED,0.0
stat_arb_AAA_20230521_281,AAA,BUY,5.0,248.8699010343009,2023-05-21,SIMULATED,0.0
stat_arb_BBB_20230521_282,BBB,SELL,5.0,124.75598734633763,2023-05-21,SIMULATED,0.0
stat_arb_AAA_20230522_283,AAA,BUY,3.769556359090529,249.14437372108276,2023-05-22,SIMULATED,0.0
stat_arb_BBB_20230522_284,BBB,SELL,5.0,124.7878987868105,2023-05-22,SIMULATED,0.0
stat_arb_AAA_20230523_285,AAA,BUY,0.5004630772212125,248.74131005130903,2023-05-23,SIMULATED,0.0
stat_arb_BBB_20230523_286,BBB,SELL,1.000734203994882,124.39451051375325,2023-05-23,SIMULATED,0.0
stat_arb_AAA_20230524_287,AAA,SELL,1.1065486592577007,249.6158939239384,2023-05-24,SIMULATED,0.0
stat_arb_BBB_20230524_288,BBB,BUY,2.2143377681048566,124.73803081421626,2023-05-24,SIMULATED,0.0
stat_arb_AAA_20230525_289,AAA,BUY,3.218610111455134,248.2525629879464,2023-05-25,SIMULATED,0.0
stat_arb_BBB_20230525_290,BBB,SELL,5.0,124.30853719635638,2023-05-25,SIMULATED,0.0
stat_arb_AAA_20230526_291,AAA,SELL,1.5283498913611695,249.52503428185832,2023-05-26,SIMULATED,0.0
stat_arb_BBB_20230526_292,BBB,BUY,3.059021715384739,124.66781687707166,2023-05-26,SIMULATED,0.0
stat_arb_AAA_20230527_293,AAA,SELL,3.2726598831591605,249.44252575801207,2023-05-27,SIMULATED,0.0
stat_arb_BBB_20230527_294,BBB,BUY,5.0,124.52419847898022,2023-05-27,SIMULATED,0.0
stat_arb_AAA_20230528_295,AAA,BUY,1.3412236584389914,251.37524627376368,2023-05-28,SIMULATED,0.0
stat_arb_BBB_20230528_296,BBB,SELL,2.6808404712043234,125.7629579490944,2023-05-28,SIMULATED,0.0
stat_arb_AAA_20230529_297,AAA,BUY,5.0,247.9672286766538,2023-05-29,SIMULATED,0.0
stat_arb_BBB_20230529_298,BBB,SELL,5.0,124.33564751382582,2023-05-29,SIMULATED,0.0
stat_arb_AAA_20230530_299,AAA,SELL,0.3913860731056578,248.12313185688345,2023-05-30,SIMULATED,0.0
stat_arb_BBB_20230530_300,BBB,BUY,0.7829527143813483,124.0329542772914,2023-05-30,SIMULATED,0.0
stat_arb_AAA_20230531_301,AAA,SELL,4.785195868506015,250.9967227369092,2023-05-31,SIMULATED,0.0
stat_arb_BBB_20230531_302,BBB,BUY,5.000000000000001,125.2116573278426,2023-05-31,SIMULATED,0.0
stat_arb_AAA_20230601_303,AAA,SELL,4.14379076937585,247.9976184619813,2023-06-01,SIMULATED,0.0
stat_arb_BBB_20230601_304,BBB,BUY,5.0,123.75124103465696,2023-06-01,SIMULATED,0.0
stat_arb_AAA_20230602_305,AAA,BUY,3.3223446345725156,247.02438059539037,2023-06-02,SIMULATED,0.0
stat_arb_BBB_20230602_306,BBB,SELL,5.0,123.69886535764432,2023-06-02,SIMULATED,0.0
stat_arb_AAA_20230603_307,AAA,SELL,1.1396777399003197,250.90336252231944,2023-06-03,SIMULATED,0.0
stat_arb_BBB_20230603_308,BBB,BUY,2.2806552324523626,125.3801859500482,2023-06-03,SIMULATED,0.0
stat_arb_AAA_20230604_309,AAA,SELL,4.097079191418508,250.290070237726,2023-06-04,SIMULATED,0.0
stat_arb_BBB_20230604_310,BBB,BUY,5.0,124.89924889404188,2023-06-04,SIMULATED,0.0
stat_arb_AAA_20230605_311,AAA,SELL,1.8208498632957144,251.5690725623004,2023-06-05,SIMULATED,0.0
stat_arb_BBB_20230605_312,BBB,BUY,3.6449340577779807,125.6729214091028,2023-06-05,SIMULATED,0.0
stat_arb_AAA_20230606_313,AAA,SELL,4.7819544484561955,252.01823553130183,2023-06-06,SIMULATED,0.0
stat_arb_BBB_20230606_314,BBB,BUY,5.0,125.72202034674528,2023-06-06,SIMULATED,0.0
stat_arb_AAA_20230607_315,AAA,SELL,5.0,255.86152824566256,2023-06-07,SIMULATED,0.0
stat_arb_BBB_20230607_316,BBB,BUY,5.0,127.5980140701788,2023-06-07,SIMULATED,0.0
stat_arb_AAA_20230608_317,AAA,SELL,2.119354653589059,254.71856341824025,2023-06-08,SIMULATED,0.0
stat_arb_BBB_20230608_318,BBB,BUY,4.2430106243920065,127.2301722820509,2023-06-08,SIMULATED,0.0
stat_arb_AAA_20230609_319,AAA,SELL,4.474686614997666,254.3324642212261,2023-06-09,SIMULATED,0.0
stat_arb_BBB_20230609_320,BBB,BUY,5.0,126.89619245303837,2023-06-09,SIMULATED,0.0
stat_arb_AAA_20230610_321,AAA,SELL,1.363502569378576,250.87169873409383,2023-06-10,SIMULATED,0.0
stat_arb_BBB_20230610_322,BBB,BUY,2.7288480551259786,125.35113677940323,2023-06-10,SIMULATED,0.0
stat_arb_AAA_20230611_323,AAA,BUY,5.0,250.9790812681342,2023-06-11,SIMULATED,0.0
stat_arb_BBB_20230611_324,BBB,SELL,5.0,125.81490128369738,2023-06-11,SIMULATED,0.0
stat_arb_AAA_20230612_325,AAA,BUY,5.0,250.3645231461745,2023-06-12,SIMULATED,0.0
stat_arb_BBB_20230612_326,BBB,SELL,5.0,125.54779199279588,2023-06-12,SIMULATED,0.0
stat_arb_AAA_20230613_327,AAA,SELL,1.0690670075920023,246.72512069166012,2023-06-13,SIMULATED,0.0
stat_arb_BBB_20230613_328,BBB,BUY,2.139323404411318,123.2939750631998,2023-06-13,SIMULATED,0.0
stat_arb_AAA_20230614_329,AAA,BUY,5.0,248.36103508567277,2023-06-14,SIMULATED,0.0
stat_arb_BBB_20230614_330,BBB,SELL,5.0,124.63818291592796,2023-06-14,SIMULATED,0.0
stat_arb_AAA_20230615_331,AAA,SELL,5.0,251.61138816937796,2023-06-15,SIMULATED,0.0
stat_arb_BBB_20230615_332,BBB,BUY,5.0,125.44042762086028,2023-06-15,SIMULATED,0.0
stat_arb_AAA_20230616_333,AAA,SELL,3.616909245498238,250.91302325725843,2023-06-16,SIMULATED,0.0
stat_arb_BBB_20230616_334,BBB,BUY,5.0,125.23880944989878,2023-06-16,SIMULATED,0.0
stat_arb_AAA_20230617_335,AAA,SELL,3.1083210684970584,254.0116664583243,2023-06-17,SIMULATED,0.0
stat_arb_BBB_20230617_336,BBB,BUY,5.0,126.81759471897055,2023-06-17,SIMULATED,0.0
stat_arb_AAA_20230618_337,AAA,SELL,0.30294419939950956,254.8019492842056,2023-06-18,SIMULATED,0.0
stat_arb_BBB_20230618_338,BBB,BUY,0.6059846529505307,127.38073836605815,2023-06-18,SIMULATED,0.0
stat_arb_AAA_20230619_339,AAA,SELL,3.2222403813076435,258.0374206648772,2023-06-19,SIMULATED,0.0
stat_arb_BBB_20230619_340,BBB,BUY,5.0,128.82283760219772,2023-06-19,SIMULATED,0.0
stat_arb_AAA_20230620_341,AAA,SELL,1.7139485263476226,255.56611841216105,2023-06-20,SIMULATED,0.0
stat_arb_BBB_20230620_342,BBB,BUY,3.4307078248645193,127.6783667971502,2023-06-20,SIMULATED,0.0
stat_arb_AAA_20230621_343,AAA,SELL,5.0,256.9708576567038,2023-06-21,SIMULATED,0.0
stat_arb_BBB_20230621_344,BBB,BUY,5.0,128.17217787767922,2023-06-21,SIMULATED,0.0
stat_arb_AAA_20230622_345,AAA,SELL,1.1513932221160061,254.50132263606076,2023-06-22,SIMULATED,0.0
stat_arb_BBB_20230622_346,BBB,BUY,2.3040751569035827,127.17948762423184,2023-06-22,SIMULATED,0.0
stat_arb_AAA_20230623_347,AAA,BUY,0.5469472270552731,252.11941181115213,2023-06-23,SIMULATED,0.0
stat_arb_BBB_20230623_348,BBB,SELL,1.093643937540626,126.08858188983804,2023-06-23,SIMULATED,0.0
stat_arb_AAA_20230624_349,AAA,SELL,1.035970148515918,252.9871929241727,2023-06-24,SIMULATED,0.0
stat_arb_BBB_20230624_350,BBB,BUY,2.073001125466034,126.4288651880786,2023-06-24,SIMULATED,0.0
stat_arb_AAA_20230625_351,AAA,SELL,5.0,257.0196301706356,2023-06-25,SIMULATED,0.0
stat_arb_BBB_20230625_352,BBB,BUY,5.0,128.1738035810303,2023-06-25,SIMULATED,0.0
stat_arb_AAA_20230626_353,AAA,SELL,5.0,255.08861513158536,2023-06-26,SIMULATED,0.0
stat_arb_BBB_20230626_354,BBB,BUY,5.0,127.24156439110364,2023-06-26,SIMULATED,0.0
stat_arb_AAA_20230627_355,AAA,SELL,1.0746660075060661,254.53110245178777,2023-06-27,SIMULATED,0.0
stat_arb_BBB_20230627_356,BBB,BUY,2.150456899637049,127.19897976292722,2023-06-27,SIMULATED,0.0
stat_arb_AAA_20230628_357,AAA,BUY,5.0,255.76877359989135,2023-06-28,SIMULATED,0.0
stat_arb_BBB_20230628_358,BBB,SELL,5.0,128.20721669134488,2023-06-28,SIMULATED,0.0
stat_arb_AAA_20230629_359,AAA,SELL,2.07457049515446,255.07085834695383,2023-06-29,SIMULATED,0.0
stat_arb_BBB_20230629_360,BBB,BUY,4.153257383378014,127.40902574882652,2023-06-29,SIMULATED,0.0
stat_arb_AAA_20230630_361,AAA,BUY,2.7652497235195197,257.76478076790323,2023-06-30,SIMULATED,0.0
stat_arb_BBB_20230630_362,BBB,SELL,5.0,129.0496137309186,2023-06-30,SIMULATED,0.0
stat_arb_AAA_20230701_363,AAA,SELL,2.445257820831505,256.7117225768603,2023-07-01,SIMULATED,0.0
stat_arb_BBB_20230701_364,BBB,BUY,4.8961871715329135,128.20717945177427,2023-07-01,SIMULATED,0.0
stat_arb_AAA_20230702_365,AAA,BUY,5.0,257.68515372081623,2023-07-02,SIMULATED,0.0
stat_arb_BBB_20230702_366,BBB,SELL,5.0,129.21658169008026,2023-07-02,SIMULATED,0.0
stat_arb_AAA_20230703_367,AAA,BUY,0.15012613748682407,258.81783728598384,2023-07-03,SIMULATED,0.0
stat_arb_BBB_20230703_368,BBB,SELL,0.3002307470427961,129.41819785999292,2023-07-03,SIMULATED,0.0
stat_arb_AAA_20230704_369,AAA,BUY,1.8049530400984295,258.3539020773477,2023-07-04,SIMULATED,0.0
stat_arb_BBB_20230704_370,BBB,SELL,3.60684660612257,129.28652418548515,2023-07-04,SIMULATED,0.0
stat_arb_AAA_20230705_371,AAA,SELL,2.4569452471612556,259.9481773126904,2023-07-05,SIMULATED,0.0
stat_arb_BBB_20230705_372,BBB,BUY,4.919547975743552,129.8246184213936,2023-07-05,SIMULATED,0.0
stat_arb_AAA_20230706_373,AAA,BUY,2.194969799951753,255.9204450547441,2023-07-06,SIMULATED,0.0
stat_arb_BBB_20230706_374,BBB,SELL,4.385461116949742,128.09089696731493,2023-07-06,SIMULATED,0.0
stat_arb_AAA_20230707_375,AAA,BUY,0.7851473994325668,252.90539614185147,2023-07-07,SIMULATED,0.0
stat_arb_BBB_20230707_376,BBB,SELL,1.569753784468737,126.4962798929901,2023-07-07,SIMULATED,0.0
stat_arb_AAA_20230708_377,AAA,SELL,4.67649975553555,252.73381874543736,2023-07-08,SIMULATED,0.0
stat_arb_BBB_20230708_378,BBB,BUY,5.0,126.08567157241728,2023-07-08,SIMULATED,0.0
stat_arb_AAA_20230709_379,AAA,BUY,1.7577698490941374,251.87612333939137,2023-07-09,SIMULATED,0.0
stat_arb_BBB_20230709_380,BBB,SELL,3.512737915589609,126.0385106864384,2023-07-09,SIMULATED,0.0
stat_arb_AAA_20230710_381,AAA,BUY,1.70199481003175,250.67353043698725,2023-07-10,SIMULATED,0.0
stat_arb_BBB_20230710_382,BBB,SELL,3.401384411394308,125.43276390250648,2023-07-10,SIMULATED,0.0
stat_arb_AAA_20230711_383,AAA,BUY,3.1841742920697245,249.2894198716767,2023-07-11,SIMULATED,0.0
stat_arb_BBB_20230711_384,BBB,SELL,5.0,124.82630410843284,2023-07-11,SIMULATED,0.0
stat_arb_AAA_20230712_385,AAA,SELL,5.0,255.1411475246176,2023-07-12,SIMULATED,0.0
stat_arb_BBB_20230712_386,BBB,BUY,5.0,127.17662475673492,2023-07-12,SIMULATED,0.0
stat_arb_AAA_20230713_387,AAA,BUY,1.8882839380814573,253.24033881193253,2023-07-13,SIMULATED,0.0
stat_arb_BBB_20230713_388,BBB,SELL,3.773303527467623,126.72971065590524,2023-07-13,SIMULATED,0.0
stat_arb_AAA_20230714_389,AAA,SELL,0.5204564167709377,251.2885260477946,2023-07-14,SIMULATED,0.0
stat_arb_BBB_20230714_390,BBB,BUY,1.041201083412796,125.60947921203277,2023-07-14,SIMULATED,0.0
stat_arb_AAA_20230715_391,AAA,BUY,1.0242262182767023,251.41876903088092,2023-07-15,SIMULATED,0.0
stat_arb_BBB_20230715_392,BBB,SELL,2.0475301354622997,125.7660097638276,2023-07-15,SIMULATED,0.0
stat_arb_AAA_20230716_393,AAA,SELL,5.0,252.7236518184528,2023-07-16,SIMULATED,0.0
stat_arb_BBB_20230716_394,BBB,BUY,5.0,126.00922665043564,2023-07-16,SIMULATED,0.0
stat_arb_AAA_20230717_395,AAA,BUY,5.0,252.08213275159596,2023-07-17,SIMULATED,0.0
stat_arb_BBB_20230717_396,BBB,SELL,5.0,126.3651653308784,2023-07-17,SIMULATED,0.0
stat_arb_AAA_20230718_397,AAA,BUY,5.0,252.61226731525457,2023-07-18,SIMULATED,0.0
stat_arb_BBB_20230718_398,BBB,SELL,4.999999999999999,126.86841041262738,2023-07-18,SIMULATED,0.0
stat_arb_AAA_20230719_399,AAA,BUY,0.12456953004329599,256.22789562572274,2023-07-19,SIMULATED,0.0
stat_arb_BBB_20230719_400,BBB,SELL,0.24912697119603547,128.12016454437958,2023-07-19,SIMULATED,0.0
stat_arb_AAA_20230720_401,AAA,SELL,0.7513580974322185,253.80111691971712,2023-07-20,SIMULATED,0.0
stat_arb_BBB_20230720_402,BBB,BUY,1.5032787486289545,126.85307000374482,2023-07-20,SIMULATED,0.0
stat_arb_AAA_20230721_403,AAA,SELL,0.2964341096505001,254.45532603598537,2023-07-21,SIMULATED,0.0
stat_arb_BBB_20230721_404,BBB,BUY,0.5929614943832255,127.20764962615904,2023-07-21,SIMULATED,0.0
stat_arb_AAA_20230722_405,AAA,BUY,5.0,254.20979074738509,2023-07-22,SIMULATED,0.0
stat_arb_BBB_20230722_406,BBB,SELL,5.000000000000001,127.48239962061206,2023-07-22,SIMULATED,0.0
stat_arb_AAA_20230723_407,AAA,SELL,1.0947414705892333,257.8550196688127,2023-07-23,SIMULATED,0.0
stat_arb_BBB_20230723_408,BBB,BUY,2.1906178305894626,128.86071659295,2023-07-23,SIMULATED,0.0
stat_arb_AAA_20230724_409,AAA,BUY,1.9255082977305367,257.3371484186837,2023-07-24,SIMULATED,0.0
stat_arb_BBB_20230724_410,BBB,SELL,3.8475515384547267,128.78445152511128,2023-07-24,SIMULATED,0.0
stat_arb_AAA_20230725_411,AAA,SELL,0.340424891950658,259.66934254206507,2023-07-25,SIMULATED,0.0
stat_arb_BBB_20230725_412,BBB,BUY,0.6809556433574226,129.8144875368663,2023-07-25,SIMULATED,0.0
stat_arb_AAA_20230726_413,AAA,BUY,3.398902632909119,261.54743485378333,2023-07-26,SIMULATED,0.0
stat_arb_BBB_20230726_414,BBB,SELL,5.0,130.9844749297012,2023-07-26,SIMULATED,0.0
stat_arb_AAA_20230727_415,AAA,SELL,2.0184599609469913,260.3077090678045,2023-07-27,SIMULATED,0.0
stat_arb_BBB_20230727_416,BBB,BUY,4.040727077869824,130.03122412221686,2023-07-27,SIMULATED,0.0
stat_arb_AAA_20230728_417,AAA,SELL,1.5228201265908359,259.6981707994574,2023-07-28,SIMULATED,0.0
stat_arb_BBB_20230728_418,BBB,BUY,3.047809062891595,129.75668526854318,2023-07-28,SIMULATED,0.0
stat_arb_AAA_20230729_419,AAA,SELL,4.672748395676554,260.9707421392081,2023-07-29,SIMULATED,0.0
stat_arb_BBB_20230729_420,BBB,BUY,5.0,130.19985273009152,2023-07-29,SIMULATED,0.0
stat_arb_AAA_20230730_421,AAA,BUY,4.528312852433512,258.8071155080418,2023-07-30,SIMULATED,0.0
stat_arb_BBB_20230730_422,BBB,SELL,5.0,129.67936712933732,2023-07-30,SIMULATED,0.0
stat_arb_AAA_20230731_423,AAA,SELL,5.0,259.82379989558007,2023-07-31,SIMULATED,0.0
stat_arb_BBB_20230731_424,BBB,BUY,5.0,129.41463959798946,2023-07-31,SIMULATED,0.0
stat_arb_AAA_20230801_425,AAA,BUY,5.0,255.5844760630436,2023-08-01,SIMULATED,0.0
stat_arb_BBB_20230801_426,BBB,SELL,5.0,128.2053707064968,2023-08-01,SIMULATED,0.0
stat_arb_AAA_20230802_427,AAA,BUY,2.1765451664166497,257.3871497111578,2023-08-02,SIMULATED,0.0
stat_arb_BBB_20230802_428,BBB,SELL,4.348659465377272,128.82470128135847,2023-08-02,SIMULATED,0.0
stat_arb_AAA_20230803_429,AAA,BUY,4.5003238700229575,260.15780967450416,2023-08-03,SIMULATED,0.0
stat_arb_BBB_20230803_430,BBB,SELL,5.0,130.35518625565555,2023-08-03,SIMULATED,0.0
stat_arb_AAA_20230804_431,AAA,SELL,2.2384224297443893,261.1173107764087,2023-08-04,SIMULATED,0.0
stat_arb_BBB_20230804_432,BBB,BUY,4.481515832309807,130.42257733923896,2023-08-04,SIMULATED,0.0
stat_arb_AAA_20230805_433,AAA,SELL,3.799278171622708,261.201000424794,2023-08-05,SIMULATED,0.0
stat_arb_BBB_20230805_434,BBB,BUY,5.0,130.36852319559054,2023-08-05,SIMULATED,0.0
stat_arb_AAA_20230806_435,AAA,SELL,3.0495019166445814,265.9668679171472,2023-08-06,SIMULATED,0.0
stat_arb_BBB_20230806_436,BBB,BUY,5.0,132.7967382351821,2023-08-06,SIMULATED,0.0
stat_arb_AAA_20230807_437,AAA,BUY,2.573370136637012,265.8521850630378,2023-08-07,SIMULATED,0.0
stat_arb_BBB_20230807_438,BBB,SELL,5.0,133.09104462752896,2023-08-07,SIMULATED,0.0
stat_arb_AAA_20230808_439,AAA,SELL,4.976764038926187,266.00433956415264,2023-08-08,SIMULATED,0.0
stat_arb_BBB_20230808_440,BBB,BUY,5.0,132.69487667200397,2023-08-08,SIMULATED,0.0
stat_arb_AAA_20230809_441,AAA,SELL,0.22695823315788619,266.2017348035573,2023-08-09,SIMULATED,0.0
stat_arb_BBB_20230809_442,BBB,BUY,0.45395054923215183,133.09087409801162,2023-08-09,SIMULATED,0.0
stat_arb_AAA_20230810_443,AAA,SELL,2.344207689163757,263.55138754749555,2023-08-10,SIMULATED,0.0
stat_arb_BBB_20230810_444,BBB,BUY,4.693493448590472,131.63312060532584,2023-08-10,SIMULATED,0.0
stat_arb_AAA_20230811_445,AAA,BUY,0.28623109418113646,265.5162612295777,2023-08-11,SIMULATED,0.0
stat_arb_BBB_20230811_446,BBB,SELL,0.5723685601394405,132.77984723009874,2023-08-11,SIMULATED,0.0
stat_arb_AAA_20230812_447,AAA,BUY,3.2070756189532648,262.8597382313909,2023-08-12,SIMULATED,0.0
stat_arb_BBB_20230812_448,BBB,SELL,5.0,131.63053977559042,2023-08-12,SIMULATED,0.0
stat_arb_AAA_20230813_449,AAA,SELL,3.0809926721802015,263.1591743996853,2023-08-13,SIMULATED,0.0
stat_arb_BBB_20230813_450,BBB,BUY,5.0,131.39140518558688,2023-08-13,SIMULATED,0.0
stat_arb_AAA_20230814_451,AAA,BUY,5.0,259.6785135078522,2023-08-14,SIMULATED,0.0
stat_arb_BBB_20230814_452,BBB,SELL,5.0,130.26119073132884,2023-08-14,SIMULATED,0.0
stat_arb_AAA_20230815_453,AAA,BUY,5.0,261.2275496913517,2023-08-15,SIMULATED,0.0
stat_arb_BBB_20230815_454,BBB,SELL,5.0,131.3060525866019,2023-08-15,SIMULATED,0.0
stat_arb_AAA_20230816_455,AAA,SELL,3.7149706687385082,261.56133996955845,2023-08-16,SIMULATED,0.0
stat_arb_BBB_20230816_456,BBB,BUY,5.0,130.55375710350452,2023-08-16,SIMULATED,0.0
stat_arb_AAA_20230817_457,AAA,BUY,1.8552035869237138,262.1410091289838,2023-08-17,SIMULATED,0.0
stat_arb_BBB_20230817_458,BBB,SELL,3.707115791855923,131.186876192076,2023-08-17,SIMULATED,0.0
stat_arb_AAA_20230818_459,AAA,BUY,5.0,261.56761609889884,2023-08-18,SIMULATED,0.0
stat_arb_BBB_20230818_460,BBB,SELL,5.0,131.151056545553,2023-08-18,SIMULATED,0.0
stat_arb_AAA_20230819_461,AAA,BUY,1.8855725434936732,264.208128368554,2023-08-19,SIMULATED,0.0
stat_arb_BBB_20230819_462,BBB,SELL,3.767713949535873,132.22436716061372,2023-08-19,SIMULATED,0.0
stat_arb_AAA_20230820_463,AAA,BUY,3.513979030072477,266.8003789654797,2023-08-20,SIMULATED,0.0
stat_arb_BBB_20230820_464,BBB,SELL,5.0,133.6252705339385,2023-08-20,SIMULATED,0.0
stat_arb_AAA_20230821_465,AAA,BUY,4.095713065756772,266.4424129728654,2023-08-21,SIMULATED,0.0
stat_arb_BBB_20230821_466,BBB,SELL,5.0,133.48225368222924,2023-08-21,SIMULATED,0.0
stat_arb_AAA_20230822_467,AAA,BUY,2.261773227717046,268.3549023309329,2023-08-22,SIMULATED,0.0
stat_arb_BBB_20230822_468,BBB,SELL,4.518556340792202,134.32563142773907,2023-08-22,SIMULATED,0.0
stat_arb_AAA_20230823_469,AAA,BUY,4.7629506519459675,267.6359228614453,2023-08-23,SIMULATED,0.0
stat_arb_BBB_20230823_470,BBB,SELL,5.0,134.12282374700666,2023-08-23,SIMULATED,0.0
stat_arb_AAA_20230824_471,AAA,BUY,2.0432797557838485,266.2359820599508,2023-08-24,SIMULATED,0.0
stat_arb_BBB_20230824_472,BBB,SELL,4.082505186473,133.25019015451704,2023-08-24,SIMULATED,0.0
stat_arb_AAA_20230825_473,AAA,BUY,1.2048497213293,266.8985542238297,2023-08-25,SIMULATED,0.0
stat_arb_BBB_20230825_474,BBB,SELL,2.4082513149718006,133.52952272073802,2023-08-25,SIMULATED,0.0
stat_arb_AAA_20230826_475,AAA,SELL,0.5293517578537912,269.0359450462063,2023-08-26,SIMULATED,0.0
stat_arb_BBB_20230826_476,BBB,BUY,1.0589216934909924,134.49025675029924,2023-08-26,SIMULATED,0.0
stat_arb_AAA_20230827_477,AAA,SELL,3.9835915319403794,270.1598106050635,2023-08-27,SIMULATED,0.0
stat_arb_BBB_20230827_478,BBB,BUY,5.0,134.833157862785,2023-08-27,SIMULATED,0.0
stat_arb_AAA_20230828_479,AAA,SELL,3.1155143829029197,273.4177245744694,2023-08-28,SIMULATED,0.0
stat_arb_BBB_20230828_480,BBB,BUY,5.0,136.51669215859877,2023-08-28,SIMULATED,0.0
stat_arb_AAA_20230829_481,AAA,SELL,5.0,274.1693806442366,2023-08-29,SIMULATED,0.0
stat_arb_BBB_20230829_482,BBB,BUY,5.0,136.73843894060636,2023-08-29,SIMULATED,0.0
stat_arb_AAA_20230830_483,AAA,SELL,0.4016274005754822,271.77640953606027,2023-08-30,SIMULATED,0.0
stat_arb_BBB_20230830_484,BBB,BUY,0.8033634501552689,135.8698268867089,2023-08-30,SIMULATED,0.0
stat_arb_AAA_20230831_485,AAA,SELL,4.066445896535759,272.4367815023027,2023-08-31,SIMULATED,0.0
stat_arb_BBB_20230831_486,BBB,BUY,5.0,135.9654578206982,2023-08-31,SIMULATED,0.0
stat_arb_AAA_20230901_487,AAA,SELL,1.0627384261610842,271.56284741243604,2023-09-01,SIMULATED,0.0
stat_arb_BBB_20230901_488,BBB,BUY,2.1264275586088783,135.72071707522403,2023-09-01,SIMULATED,0.0
stat_arb_AAA_20230902_489,AAA,SELL,2.891017998170774,274.2535495410109,2023-09-02,SIMULATED,0.0
stat_arb_BBB_20230902_490,BBB,BUY,5.0,136.9489364577912,2023-09-02,SIMULATED,0.0
stat_arb_AAA_20230903_491,AAA,SELL,1.5463098172120084,274.89817556221544,2023-09-03,SIMULATED,0.0
stat_arb_BBB_20230903_492,BBB,BUY,3.0946677642177214,137.35812048081883,2023-09-03,SIMULATED,0.0
stat_arb_AAA_20230904_493,AAA,BUY,1.4280545941763856,273.027981607212,2023-09-04,SIMULATED,0.0
stat_arb_BBB_20230904_494,BBB,SELL,2.854024737711568,136.61369445084625,2023-09-04,SIMULATED,0.0
stat_arb_AAA_20230905_495,AAA,BUY,0.9692498755989749,271.27247784403943,2023-09-05,SIMULATED,0.0
stat_arb_BBB_20230905_496,BBB,SELL,1.9375160008489962,135.70510658417675,2023-09-05,SIMULATED,0.0
stat_arb_AAA_20230906_497,AAA,BUY,1.9315358040839197,276.2283922047429,2023-09-06,SIMULATED,0.0
stat_arb_BBB_20230906_498,BBB,SELL,3.8592920440994636,138.24945703804465,2023-09-06,SIMULATED,0.0
stat_arb_AAA_20230907_499,AAA,BUY,5.0,274.2606862109302,2023-09-07,SIMULATED,0.0
stat_arb_BBB_20230907_500,BBB,SELL,5.0,137.51126548566606,2023-09-07,SIMULATED,0.0
